<?xml version="1.0" encoding="UTF-8"?>
<project-private xmlns="http://www.netbeans.org/ns/project-private/1">
    <editor-bookmarks xmlns="http://www.netbeans.org/ns/editor-bookmarks/2" lastBookmarkId="0"/>
    <open-files xmlns="http://www.netbeans.org/ns/projectui-open-files/2">
        <group>
            <file>file:/C:/Users/trieu/OneDrive/Documents/NetBeansProjects/JavaCourseFinalProject1/src/net/braniumacademy/controller/sorter/SortRegisteringByStudentNameDESC.java</file>
            <file>file:/C:/Users/trieu/OneDrive/Documents/NetBeansProjects/JavaCourseFinalProject1/src/net/braniumacademy/model/Registering.java</file>
            <file>file:/C:/Users/trieu/OneDrive/Documents/NetBeansProjects/JavaCourseFinalProject1/src/net/braniumacademy/view/AddStudentFrm.java</file>
            <file>file:/C:/Users/trieu/OneDrive/Documents/NetBeansProjects/JavaCourseFinalProject1/src/net/braniumacademy/view/EditSubjectFrm.java</file>
            <file>file:/C:/Users/trieu/OneDrive/Documents/NetBeansProjects/JavaCourseFinalProject1/src/net/braniumacademy/controller/InfoFilterImp.java</file>
            <file>file:/C:/Users/trieu/OneDrive/Documents/NetBeansProjects/JavaCourseFinalProject1/src/net/braniumacademy/view/EditStudentFrm.java</file>
            <file>file:/C:/Users/trieu/OneDrive/Documents/NetBeansProjects/JavaCourseFinalProject1/src/net/braniumacademy/view/AddRegisteringFrm.java</file>
            <file>file:/C:/Users/trieu/OneDrive/Documents/NetBeansProjects/JavaCourseFinalProject1/src/net/braniumacademy/controller/sorter/SortRegisteringByStudentNameASC.java</file>
            <file>file:/C:/Users/trieu/OneDrive/Documents/NetBeansProjects/JavaCourseFinalProject1/src/net/braniumacademy/controller/DataControllerImp.java</file>
            <file>file:/C:/Users/trieu/OneDrive/Documents/NetBeansProjects/JavaCourseFinalProject1/src/net/braniumacademy/controller/InfoFilter.java</file>
            <file>file:/C:/Users/trieu/OneDrive/Documents/NetBeansProjects/JavaCourseFinalProject1/src/net/braniumacademy/view/AddSubjectFrm.java</file>
            <file>file:/C:/Users/trieu/OneDrive/Documents/NetBeansProjects/JavaCourseFinalProject1/src/net/braniumacademy/model/Subject.java</file>
            <file>file:/C:/Users/trieu/OneDrive/Documents/NetBeansProjects/JavaCourseFinalProject1/src/net/braniumacademy/view/HomeFrm.java</file>
            <file>file:/C:/Users/trieu/OneDrive/Documents/NetBeansProjects/JavaCourseFinalProject1/src/net/braniumacademy/model/Student.java</file>
            <file>file:/C:/Users/trieu/OneDrive/Documents/NetBeansProjects/JavaCourseFinalProject1/src/net/braniumacademy/model/Course.java</file>
            <file>file:/C:/Users/trieu/OneDrive/Documents/NetBeansProjects/JavaCourseFinalProject1/src/net/braniumacademy/controller/DataController.java</file>
        </group>
    </open-files>
</project-private>
