<?xml version="1.0" encoding="UTF-8"?>
<project-private xmlns="http://www.netbeans.org/ns/project-private/1">
    <editor-bookmarks xmlns="http://www.netbeans.org/ns/editor-bookmarks/2" lastBookmarkId="0"/>
    <open-files xmlns="http://www.netbeans.org/ns/projectui-open-files/2">
        <group>
            <file>file:/C:/Users/trieu/Downloads/FinalProject1_p17/FinalProject1/src/net/braniumacademy/controller/InfoFilterImp.java</file>
            <file>file:/C:/Users/trieu/Downloads/FinalProject1_p17/FinalProject1/src/net/braniumacademy/model/Student.java</file>
            <file>file:/C:/Users/trieu/Downloads/FinalProject1_p17/FinalProject1/src/net/braniumacademy/exception/InvalidNameException.java</file>
            <file>file:/C:/Users/trieu/Downloads/FinalProject1_p17/FinalProject1/src/net/braniumacademy/model/Person.java</file>
        </group>
    </open-files>
</project-private>
