<?xml version="1.0" encoding="UTF-8"?>
<project-private xmlns="http://www.netbeans.org/ns/project-private/1">
    <editor-bookmarks xmlns="http://www.netbeans.org/ns/editor-bookmarks/2" lastBookmarkId="0"/>
    <open-files xmlns="http://www.netbeans.org/ns/projectui-open-files/2">
        <group>
            <file>file:/D:/Java%20Core/Java%20Course/Documents/Bài%20giải%20mẫu%20đề%20cuối%20khóa/FinalProject1_p26/FinalProject1/src/net/braniumacademy/view/HomeFrm.java</file>
            <file>file:/D:/Java%20Core/Java%20Course/Documents/Bài%20giải%20mẫu%20đề%20cuối%20khóa/FinalProject1_p26/FinalProject1/src/net/braniumacademy/controller/DataControllerImp.java</file>
            <file>file:/D:/Java%20Core/Java%20Course/Documents/Bài%20giải%20mẫu%20đề%20cuối%20khóa/FinalProject1_p26/FinalProject1/src/net/braniumacademy/view/AddRegisterDialog.java</file>
            <file>file:/D:/Java%20Core/Java%20Course/Documents/Bài%20giải%20mẫu%20đề%20cuối%20khóa/FinalProject1_p26/FinalProject1/src/net/braniumacademy/controller/DataController.java</file>
        </group>
    </open-files>
</project-private>
